"College","CDS_loc","Name_Table_Loc"
"Providence College","cds_all/academic-affairs.providence.edu_wp-content_uploads_sites_14_2023_03_cds-2022-23.pdf","data_tables/name_tables/providence_college.csv"
"FALSE","cds_all/apb.ucla.edu_file_6bf8b12b-892f-4a83-87f4-c3d3a35abbca","data_tables/name_tables/false.csv"
"FAILED","cds_all/apb.ucla.edu_file_c4517b9b-1554-4daa-9194-dbc445d269e3","DNE"
"FAILED","cds_all/apps.weber.edu_wsuimages_financialservices_Common%20Data%20Set_2022-23.pdf","DNE"
"FALSE","cds_all/asir.sdsu.edu_Documents_CommonDataSets_CDS_2022-23_rev_1.pdf","data_tables/name_tables/false.csv"
"Aurora University","cds_all/aurora.edu_documents_about_cds-2022-2023.pdf","data_tables/name_tables/aurora_university.csv"
"Barnard College","cds_all/barnard.edu_sites_default_files_inline-files_CDS_2020-2021_FINAL_Barnard_20210625.pdf","data_tables/name_tables/barnard_college.csv"
"Bowie State University","cds_all/bowiestate.edu_about_administration-and-governance_division-of-academic-affairs_office-of-planning-analysis-analysis-and-accountability_cds_2022_2023.pdf","data_tables/name_tables/bowie_state_university.csv"
"University of Connecticut","cds_all/bpir.uconn.edu_wp-content_uploads_sites_3452_2022_09_CDS_2021-2022_UConn_Website.pdf","data_tables/name_tables/university_of_connecticut.csv"
"University of Connecticut","cds_all/bpir.uconn.edu_wp-content_uploads_sites_3452_2023_07_CDS_2022_2023_Website.pdf","data_tables/name_tables/university_of_connecticut.csv"
"FAILED","cds_all/cms.artcenter.edu_assets_20086_src_CDS_2021-2022_Final_Web.pdf","DNE"
"University of Florida - Main Campus","cds_all/data-apps.ir.aa.ufl.edu_public_cds_CDS_2022-2023_UFMAIN_Post.pdf","data_tables/name_tables/university_of_florida_-_main_campus.csv"
"Brigham Young University","cds_all/data.byu.edu_00000187-0641-d156-a38f-07cfd9dc0001_cds-2022-2023-pdf","data_tables/name_tables/brigham_young_university.csv"
"Lehigh University","cds_all/data.lehigh.edu_sites_oirsa.lehigh.edu_files_CDS_2022-2023.pdf","data_tables/name_tables/lehigh_university.csv"
"University of North Texas","cds_all/data.unt.edu_sites_default_files_cds_2022-2023_unt.pdf","data_tables/name_tables/university_of_north_texas.csv"
"Drexel University","cds_all/drexel.edu_~_media_Files_institutionalresearch_Factbook_CDS_2022-2023.ashx?la=en","data_tables/name_tables/drexel_university.csv"
"Northwestern University","cds_all/enrollment.northwestern.edu_data_2021-22.pdf","data_tables/name_tables/northwestern_university.csv"
"University of Dayton","cds_all/f5-204vip50.udayton.edu_finadmin__resources_docs_ir_documents_common-data-set-2022-23.pdf","data_tables/name_tables/university_of_dayton.csv"
"Florida Polytechnic University","cds_all/floridapoly.edu_institutional-research-and-effectiveness_cds2022-2023.pdf","data_tables/name_tables/florida_polytechnic_university.csv"
"Gustavus Adolphus College","cds_all/gustavus.edu_instresearch_concertFiles_media_CDS_2022-2023.pdf","data_tables/name_tables/gustavus_adolphus_college.csv"
"Hope College","cds_all/hope.edu_offices_frost-research-center_institutional-research_resources_common-data-set-2021-2022.pdf","data_tables/name_tables/hope_college.csv"
"FAILED","cds_all/idr.umn.edu_sites_idr.umn.edu_files_cds_2022_2023_tc.pdf","DNE"
"University of Richmond","cds_all/ifx.richmond.edu_pdfs_CDS2021-22.pdf","data_tables/name_tables/university_of_richmond.csv"
"FAILED","cds_all/ikm.ucf.edu_wp-content_uploads_2023_07_CommonDataSet-2022-2023.pdf","DNE"
"East Carolina University","cds_all/ipar.ecu.edu_wp-content_pv-uploads_sites_130_2019_10_CDS_2022-2023-2_final.pdf","data_tables/name_tables/east_carolina_university.csv"
"Kennesaw State University","cds_all/ir.kennesaw.edu_publications_common-data-set-pdfs_CDS_2022-2023.pdf","data_tables/name_tables/kennesaw_state_university.csv"
"FAILED","cds_all/ir.kzoo.edu_wp-content_uploads_sites_120_2022_11_CDS_2021-2022-Kalamazoo-College.pdf","DNE"
"Mississippi State University","cds_all/ir.msstate.edu_CDS_cds2022_2023.pdf","data_tables/name_tables/mississippi_state_university.csv"
"MICHIGAN STATE UNIVERSITY","cds_all/ir.msu.edu_-_media_assets_ir_docs_cds_cds-2021-2022.pdf?rev=bb4e201b5f414bc6a7d24c77fce44f0e&hash=37087616284B949B83D0601E5F812578","data_tables/name_tables/michigan_state_university.csv"
"University of California, Riverside","cds_all/ir.ucr.edu_sites_default_files_2022-04_cds_2021-2022.pdf","data_tables/name_tables/university_of_california,_riverside.csv"
"University of Oregon","cds_all/ir.uoregon.edu_sites_ir1.uoregon.edu_files_CDS_2022-2023.pdf","data_tables/name_tables/university_of_oregon.csv"
"Baylor University","cds_all/ir.web.baylor.edu_sites_g_files_ecbvkj1621_files_2023-08_CDS_2022-2023%20-%20updated%20Fin%20Aid%20062923.pdf","data_tables/name_tables/baylor_university.csv"
"Howard University","cds_all/ira.howard.edu_sites_ira.howard.edu_files_2022-05_CDS%202021-2022.pdf","data_tables/name_tables/howard_university.csv"
"Temple University","cds_all/ira.temple.edu_sites_ira_files_documents_data-analysis_common-data_CDS-2021-2022_0.pdf","data_tables/name_tables/temple_university.csv"
"Wayne State University","cds_all/irda.wayne.edu_common-data-set_cds_2022-2023.pdf","data_tables/name_tables/wayne_state_university.csv"
"The University of North Carolina at Greensboro","cds_all/ire.uncg.edu_external_reports_cds_docs_cds2022-UNCG.pdf","data_tables/name_tables/the_university_of_north_carolina_at_greensboro.csv"
"University of Mississippi","cds_all/irep.olemiss.edu_wp-content_uploads_sites_98_2023_04_UM-CDS-2022-23-PDF-1.pdf","data_tables/name_tables/university_of_mississippi.csv"
"FALSE","cds_all/iro.caltech.edu_documents_25199_Caltech_Common_Data_Set_2022-23_Published_June_2023_v1.pdf","data_tables/name_tables/false.csv"
"FAILED","cds_all/irp.cofc.edu_docs_common-data-set_2022-23_sectionc2022.pdf","DNE"
"Cornell University","cds_all/irp.dpb.cornell.edu_wp-content_uploads_2022_05_CDS_2021-2022_V5.pdf","data_tables/name_tables/cornell_university.csv"
"Georgia Institute of Technology","cds_all/irp.gatech.edu_files_CDS_CDS_2021-2022_Final_Rev_1.pdf","data_tables/name_tables/georgia_institute_of_technology.csv"
"University of Miami","cds_all/irsa.miami.edu__assets_pdf_cds2122.pdf","data_tables/name_tables/university_of_miami.csv"
"FAILED","cds_all/louisville.edu_oapa_institutional-research-and-planning_quick-facts_CDS_20222023_FINAL.pdf","DNE"
"FAILED","cds_all/manoa.hawaii.edu_miro_wp-content_uploads_2023_03_AnalysisBrief_CommonDataSet_2022-2023.pdf","DNE"
"FAILED","cds_all/manoa.hawaii.edu_miro_wp-content_uploads_2023_06_AnalysisBrief_CommonDataSet_2022-2023.docx-1.pdf","DNE"
"University of California, Santa Cruz","cds_all/mediafiles.ucsc.edu_iraps_common-data-set_common-data-set-2022-23.pdf","data_tables/name_tables/university_of_california,_santa_cruz.csv"
"Washington and Lee University","cds_all/my.wlu.edu_document_2022-common-data-set","data_tables/name_tables/washington_and_lee_university.csv"
"FAILED","cds_all/myeol.nccu.edu_sites_default_files_2022-03_Common-Data-Set-2021-2022.pdf","DNE"
"The Ohio State University - Columbus Campus","cds_all/oaa.osu.edu_sites_default_files_uploads_irp_cds_columbus_CDS_2021-2022_Columbus.pdf","data_tables/name_tables/the_ohio_state_university_-_columbus_campus.csv"
"Oakland University","cds_all/oakland.edu_Assets_Oakland_oira_files-and-documents_CDS_CDS_2022-2023%20official.pdf","data_tables/name_tables/oakland_university.csv"
"FALSE","cds_all/obp.umich.edu_wp-content_uploads_pubdata_cds_cds_2022-2023_umaa.pdf","data_tables/name_tables/false.csv"
"FALSE","cds_all/offices.nsuok.edu__resources_documents_CDS_2022-2023-3.pdf","data_tables/name_tables/false.csv"
"University of New Mexico","cds_all/oia.unm.edu_facts-and-figures_documents_Common%20Data%20Set_cds-2022-23.pdf","data_tables/name_tables/university_of_new_mexico.csv"
"Harvard University","cds_all/oir.harvard.edu_files_huoir_files_harvard_cds_2021-2022.pdf","data_tables/name_tables/harvard_university.csv"
"FALSE","cds_all/oir.lafayette.edu_wp-content_uploads_sites_196_2023_03_CDS2022-2023.pdf","data_tables/name_tables/false.csv"
"University of North Carolina at Chapel Hill","cds_all/oira.unc.edu_wp-content_uploads_sites_297_2023_08_CDS_2021-22_20230825.pdf","data_tables/name_tables/university_of_north_carolina_at_chapel_hill.csv"
"FLORIDA INTERNATIONAL UNIVERSITY","cds_all/opir.fiu.edu_CDS_CDS2022.pdf","data_tables/name_tables/florida_international_university.csv"
"Duke University","cds_all/provost-files.cloud.duke.edu_sites_default_files_CDS%202021-22%20FINAL_2.pdf","data_tables/name_tables/duke_university.csv"
"Tufts University","cds_all/provost.tufts.edu_institutionalresearch_files_CDS_2022-2023.pdf","data_tables/name_tables/tufts_university.csv"
"Hollins University","cds_all/registrar.press.hollins.edu_wp-content_uploads_sites_47_2023_05_CDS_2022-2023_HollinsUniversity_R3.pdf","data_tables/name_tables/hollins_university.csv"
"North Carolina State University","cds_all/report.isa.ncsu.edu_ir_cds_pdfs_CDS_2022-23.pdf","data_tables/name_tables/north_carolina_state_university.csv"
"Rowan University","cds_all/sites.rowan.edu_academic-affairs_oira__docs_rowan_university_cds.pdf","data_tables/name_tables/rowan_university.csv"
"Springfield College","cds_all/springfield.edu_sites_default_files_springfield_college.cds_.2022-23-1.pdf","data_tables/name_tables/springfield_college.csv"
"Stockton University","cds_all/stockton.edu_institutional-research_documents_analyses-reports_Stockton_University_CDS_2022-2023.pdf","data_tables/name_tables/stockton_university.csv"
"FALSE","cds_all/susqu_common-data-setpdf.pdf","data_tables/name_tables/false.csv"
"FALSE","cds_all/uair.arizona.edu_sites_default_files_2023-06_CDS_2022-2023%20FINAL_Section%20G_Ammended.pdf","data_tables/name_tables/false.csv"
"University of Maine","cds_all/umaine.edu_oira_resource_umaine-common-data-set-2022-2023_","data_tables/name_tables/university_of_maine.csv"
"University of Maine at Machias","cds_all/umaine.edu_oira_resource_umaine-machias-common-data-set-2022-2023_","data_tables/name_tables/university_of_maine_at_machias.csv"
"University of North Dakota","cds_all/und.edu_analytics-and-planning__files_docs_common-data-set_cds-2022-2023.pdf","data_tables/name_tables/university_of_north_dakota.csv"
"Arizona State University Campus Immersion","cds_all/uoia.asu.edu_sites_default_files_2023-04_CDS-2022-23-Campus-Immersion.pdf","data_tables/name_tables/arizona_state_university_campus_immersion.csv"
"University of Rhode Island","cds_all/web.uri.edu_provost_wp-content_uploads_sites_1779_URI_CDS_2022-2023Final.pdf","data_tables/name_tables/university_of_rhode_island.csv"
"Wentworth Institute of Technology","cds_all/wit.edu_sites_default_files_2023-04_CDS_2022-2023.pdf","data_tables/name_tables/wentworth_institute_of_technology.csv"
"Western Michigan University","cds_all/wmich.edu_sites_default_files_attachments_u965_2023_WMU_CDS_2022-23_Updated.pdf","data_tables/name_tables/western_michigan_university.csv"
"Western New England University","cds_all/wne.edu_institutional-research_doc_CDS-2022-2023-Final-with-Updated-URLs-for-New-Website.pdf","data_tables/name_tables/western_new_england_university.csv"
"Agnes Scott College","cds_all/www.agnesscott.edu_assets_documents_institutional-research_cds_2022-2023.pdf","data_tables/name_tables/agnes_scott_college.csv"
"American University","cds_all/www.american.edu_provost_oira_upload_cds_2022-2023_american-university-3.pdf","data_tables/name_tables/american_university.csv"
"FAILED","cds_all/www.apeejay.edu_saket_docs_sample-paper-2022_Class-x_EnglishL-SQP.pdf","DNE"
"Austin Peay State University","cds_all/www.apsu.edu_dsir_common_data_set_CDS-2022-2023.pdf","data_tables/name_tables/austin_peay_state_university.csv"
"Aquinas College","cds_all/www.aquinas.edu__files_2022-2023%20Aquinas%20College%20Common%20Data%20Set-1.pdf","data_tables/name_tables/aquinas_college.csv"
"FAILED","cds_all/www.astate.edu_a_irp_files_cds_CDS_2022-2023.pdf","DNE"
"Arkansas Tech University","cds_all/www.atu.edu_ir_docs_cds_CDS_fall_2022.pdf","data_tables/name_tables/arkansas_tech_university.csv"
"Austin College","cds_all/www.austincollege.edu_wp-content_uploads_2023_02_CDS-2022-2023-2023-02-03.pdf","data_tables/name_tables/austin_college.csv"
"Boston College","cds_all/www.bc.edu_content_dam_bc1_offices_irp_ir_cds_Boston_College_CDS_2021-2022_Final.pdf","data_tables/name_tables/boston_college.csv"
"FAILED","cds_all/www.bellarmine.edu_docs_default-source_institutional-research-effectiveness-docs_cds_2022-2023-for-publication.pdf?sfvrsn=42364480_4","DNE"
"Belmont University","cds_all/www.belmont.edu_oair__files_CDS_2021-2022.pdf","data_tables/name_tables/belmont_university.csv"
"Beloit College","cds_all/www.beloit.edu_live_files_738-common-data-set-cds-2021-22","data_tables/name_tables/beloit_college.csv"
"Binghamton University","cds_all/www.binghamton.edu_offices_oir_upload_data_cds_2021_2022.pdf","data_tables/name_tables/binghamton_university.csv"
"FAILED","cds_all/www.bowdoin.edu_ir_pdf_common-data-set-2021-22.pdf","DNE"
"FAILED","cds_all/www.brandeis.edu_institutional-research_docs_cds-2022-23.pdf","DNE"
"Bryn Mawr College","cds_all/www.brynmawr.edu_sites_default_files_media_documents_2023-03_CDS_2022-2023-2.pdf","data_tables/name_tables/bryn_mawr_college.csv"
"Ball State University","cds_all/www.bsu.edu_-_media_www_departmentalcontent_oirds_files_common-data-set_2020-2021-common-data-set-(3).pdf?sc_lang=en&hash=4D50F4452483AFC4A89F40E12F837B7FEE66390B","data_tables/name_tables/ball_state_university.csv"
"Boston University","cds_all/www.bu.edu_asir_files_2023_03_cds-2023.pdf","data_tables/name_tables/boston_university.csv"
"Bucknell University","cds_all/www.bucknell.edu_sites_default_files_institutional-research_cds_2021-2022.pdf","data_tables/name_tables/bucknell_university.csv"
"Bucknell University","cds_all/www.bucknell.edu_sites_default_files_institutional-research_commondataset2022-23.pdf","data_tables/name_tables/bucknell_university.csv"
"FAILED","cds_all/www.buffalo.edu_content_dam_www_provost_files_oia_Common-Data-Sets_CDS_2022-2023.pdf","DNE"
"Baldwin Wallace University","cds_all/www.bw.edu_assets_offices_institutional-research_common-data-set-2021-22.pdf","data_tables/name_tables/baldwin_wallace_university.csv"
"FAILED","cds_all/www.canisius.edu_media_12866_download?attachment","DNE"
"FAILED","cds_all/www.citadel.edu_institutional-research_wp-content_uploads_sites_75_CDS_2022-2023_Final.pdf","DNE"
"Claremont McKenna College","cds_all/www.cmc.edu_sites_default_files_CDS_2022-2023.pdf","data_tables/name_tables/claremont_mckenna_college.csv"
"Central Michigan University","cds_all/www.cmich.edu_docs_default-source_academic-affairs-division_academic-administration_academic-planning-analysis_reports-(public)_common-data-sets_2022_2023_common_data_set-20230329.pdf?sfvrsn=a044366_7","data_tables/name_tables/central_michigan_university.csv"
"FAILED","cds_all/www.cmu.edu_ira_CDS_pdf_cds_2022_23_common-data-set-2022-2023.pdf","DNE"
"FAILED","cds_all/www.colorado.edu_oda_2022-2023-cds-report","DNE"
"FAILED","cds_all/www.coloradocollege.edu_offices_ipe_documents_CDS_2022-2023.pdf","DNE"
"Connecticut College","cds_all/www.conncoll.edu_media_Common-Data-Set-2022-23.pdf","data_tables/name_tables/connecticut_college.csv"
"Bethune-Cookman University","cds_all/www.cookman.edu_ie__files_cds_2022-2023.pdf","data_tables/name_tables/bethune-cookman_university.csv"
"California State University, Sacramento","cds_all/www.csus.edu_president_institutional-research-effectiveness-planning_common-data-set_cds_2021-2022-final.pdf","data_tables/name_tables/california_state_university,_sacramento.csv"
"California State University, San Bernardino","cds_all/www.csusb.edu_sites_default_files_CDS_2022-2023_1.pdf","data_tables/name_tables/california_state_university,_san_bernardino.csv"
"Davidson College","cds_all/www.davidson.edu_media_9718_download?attachment","data_tables/name_tables/davidson_college.csv"
"DeSales University","cds_all/www.desales.edu_docs_default-source_consumer-information_common-data-set-2022-2023.pdf?sfvrsn=7e60a623_2","data_tables/name_tables/desales_university.csv"
"Dickinson College","cds_all/www.dickinson.edu_download_downloads_id_14573_cds_2022-2023.pdf","data_tables/name_tables/dickinson_college.csv"
"Drake University","cds_all/www.drake.edu_media_departmentsoffices_institutionalresearch_databooks_2022databook_Drake%20University_CDS_2022-2023%20NEW.pdf","data_tables/name_tables/drake_university.csv"
"University of Denver","cds_all/www.du.edu_sites_default_files_2022-06_cds_2021.pdf","data_tables/name_tables/university_of_denver.csv"
"University of Denver","cds_all/www.du.edu_sites_default_files_2023-05_CDS_2022.pdf","data_tables/name_tables/university_of_denver.csv"
"Duquesne University","cds_all/www.duq.edu_documents_institutionalresearch_cds-2022-2023.pdf","data_tables/name_tables/duquesne_university.csv"
"EASTERN UNIVERSITY","cds_all/www.eastern.edu_sites_default_files_inline-files_2022_common_data_set.pdf","data_tables/name_tables/eastern_university.csv"
"Fairfield University","cds_all/www.fairfield.edu_files_documents_about_leadership-offices_departments_institutional-research_1045796185_about_leadership_dept_institutional-research_fall-enrollment_cds-2022-2023_01312023.pdf","data_tables/name_tables/fairfield_university.csv"
"FAILED","cds_all/www.famu.edu_administration_strategic-planning-analysis-and-institutional-effectiveness_institutional-research_surveys_pdf_cds_CDS_2022-2023.pdf","DNE"
"SUNY College of Technology at Farmingdale","cds_all/www.farmingdale.edu_institutional-research_pdf_cds2021_final.pdf","data_tables/name_tables/suny_college_of_technology_at_farmingdale.csv"
"Flagler College","cds_all/www.flagler.edu_media_documents_offices_institutional-research-and-effectiveness_CDS_2022-2023.pdf","data_tables/name_tables/flagler_college.csv"
"Georgia Gwinnett College","cds_all/www.ggc.edu_sites_default_files_2023-08_CDS_2022-2023_GGC-Data.pdf","data_tables/name_tables/georgia_gwinnett_college.csv"
"Grinnell College","cds_all/www.grinnell.edu_doc_common-data-set-2021-22","data_tables/name_tables/grinnell_college.csv"
"FAILED","cds_all/www.hamilton.edu_documents_CDS_2022-2023-final.pdf","DNE"
"Hiram College","cds_all/www.hiram.edu_wp-content_uploads_2022_08_CDS_2021-2022.pdf","data_tables/name_tables/hiram_college.csv"
"College of the Holy Cross","cds_all/www.holycross.edu_sites_default_files_2023-03_CDS_2022-2023%20%28FINAL%29.pdf","data_tables/name_tables/college_of_the_holy_cross.csv"
"FAILED","cds_all/www.icsi.edu_media_webmodules_ICSI%20New%20Syllabus%202022.pdf","DNE"
"Illinois Institute of Technology","cds_all/www.iit.edu_sites_default_files_2023-07_Full-2022-2023-Common-Data-Set.pdf","data_tables/name_tables/illinois_institute_of_technology.csv"
"University of Pittsburgh","cds_all/www.ir.pitt.edu_sites_default_files_assets_CDS_2022-2023%20Pittsburgh.pdf","data_tables/name_tables/university_of_pittsburgh.csv"
"Indiana University of Pennsylvania","cds_all/www.iup.edu_planningandassessment_files_university_data_cds_2022-2023-for-website-4-4-23.pdf","data_tables/name_tables/indiana_university_of_pennsylvania.csv"
"FAILED","cds_all/www.jmu.edu_oir_research_cds_cds2021_cds-2021-22.pdf","DNE"
"Kansas State University","cds_all/www.k-state.edu_pa_data_common-data-set_CDS_2022-2023.pdf","data_tables/name_tables/kansas_state_university.csv"
"FAILED","cds_all/www.kutztown.edu_Departments-Offices_G-L_InstitutionalResearch_Documents_CDS2021-2022.pdf","DNE"
"Lake Forest College","cds_all/www.lakeforest.edu_Public_Administration_Institutional%20Research_2021-2022%20CDS_Lake%20Forest%20College.pdf","data_tables/name_tables/lake_forest_college.csv"
"FAILED","cds_all/www.loyola.edu_-_media_department_institutional-research_documents_cds_cds_2022-2023_v3_final-posted-20230202.ashx?la=en","DNE"
"Loyola University Chicago","cds_all/www.luc.edu_media_lucedu_studentoutcomes_CDS_2022-2023.pdf","data_tables/name_tables/loyola_university_chicago.csv"
"Lycoming College","cds_all/www.lycoming.edu_institutional-research_pdfs_cds-2022-2023.pdf","data_tables/name_tables/lycoming_college.csv"
"Macalester College","cds_all/www.macalester.edu_ir_wp-content_uploads_sites_156_Macalester-CDS_2021-22.pdf","data_tables/name_tables/macalester_college.csv"
"Marist College","cds_all/www.marist.edu_documents_d_guest_cds_2021-2022-final-data-set","data_tables/name_tables/marist_college.csv"
"Marquette University","cds_all/www.marquette.edu_institutional-research-analysis_documents_cds_2223_new.pdf","data_tables/name_tables/marquette_university.csv"
"Marquette University","cds_all/www.marquette.edu_institutional-research-analysis_documents_cds21-22.pdf","data_tables/name_tables/marquette_university.csv"
"FALSE","cds_all/www.middlebury.edu_sites_www.middlebury.edu_files_2023-03_CDS_2022-2023_3.pdf?fv=F2ctpKMD","data_tables/name_tables/false.csv"
"Mount Marty University","cds_all/www.mountmarty.edu_globalassets_backend-reconstruction_about-us_academic-excellence_institutional-effectiveness_insteffective.archived_common-data-set-report-2022-2023.pdf","data_tables/name_tables/mount_marty_university.csv"
"FAILED","cds_all/www.mssu.edu_academics_institutional-effectiveness_MSSU_CDS_2022-2023.pdf","DNE"
"Metropolitan State University of Denver","cds_all/www.msudenver.edu_wp-content_uploads_2023_07_CDS_2022-2023_MSU_DenverV2.pdf","data_tables/name_tables/metropolitan_state_university_of_denver.csv"
"FAILED","cds_all/www.mtsu.edu_iepr_cds_CDS_2022-2023.pdf","DNE"
"Michigan Technological University","cds_all/www.mtu.edu_institutional-research_cds_files_cds-2022-2023.pdf","data_tables/name_tables/michigan_technological_university.csv"
"FAILED","cds_all/www.northwestu.edu_assets_documents_about_Common_Data_Set_Northwest_University_2022-2023.pdf","DNE"
"University of Utah","cds_all/www.obia.utah.edu_wp-content_uploads_sites_10_2022_10_CDS_2021-2022.pdf","data_tables/name_tables/university_of_utah.csv"
"FAILED","cds_all/www.oit.edu_sites_default_files_2023_documents_cds_202223.pdf","DNE"
"FAILED","cds_all/www.oxy.edu_sites_default_files_assets_Institutional_Research_cds_2022-2023_2.pdf","DNE"
"University of the Pacific","cds_all/www.pacific.edu_sites_default_files_users_user777_2022_23_CDS_Full_form.pdf","data_tables/name_tables/university_of_the_pacific.csv"
"Pepperdine University","cds_all/www.pepperdine.edu_oie_content_pdf_cds2022-23.pdf","data_tables/name_tables/pepperdine_university.csv"
"Pitzer College","cds_all/www.pitzer.edu_institutional-research_wp-content_uploads_sites_33_2023_04_20230330_CDS_2022-2023_PITZER.pdf","data_tables/name_tables/pitzer_college.csv"
"Point Park University","cds_all/www.pointpark.edu_about_admindepts_institutionalresearch_media_files_cds_cds_2022-2023_final.pdf","data_tables/name_tables/point_park_university.csv"
"Quinnipiac University","cds_all/www.qu.edu_4aa86a_contentassets_2b3ae27dc2034bcabb647def2cdf3819_cds_2021-2022_quinnipiac.pdf","data_tables/name_tables/quinnipiac_university.csv"
"Rhode Island College","cds_all/www.ric.edu_documents_common-data-set-2022-23","data_tables/name_tables/rhode_island_college.csv"
"University of Rochester","cds_all/www.rochester.edu_provost_wp-content_uploads_2023_05_University-of-Rochester-CDS_2022-2023.pdf","data_tables/name_tables/university_of_rochester.csv"
"FALSE","cds_all/www.sandiego.edu_facts_documents_cds_CDS_2021-22.pdf","data_tables/name_tables/false.csv"
"The University of Scranton","cds_all/www.scranton.edu_pir_institutional-research_institutional-research-reports_cds-2022-2023.pdf","data_tables/name_tables/the_university_of_scranton.csv"
"South Dakota State University","cds_all/www.sdstate.edu_sites_default_files_file-archive_2022-12_South%20Dakota%20State%20University%20-%20Common%20Data%20Set%20%282021-2022%29.pdf","data_tables/name_tables/south_dakota_state_university.csv"
"Stephen. F. Austin State University","cds_all/www.sfasu.edu_docs_institutional-research_common-data-set-complete-22-23.pdf","data_tables/name_tables/stephen._f._austin_state_university.csv"
"Siena College","cds_all/www.siena.edu_files_resources_siena_college_cds_2022-2023_final.pdf","data_tables/name_tables/siena_college.csv"
"St. John Fisher College","cds_all/www.sjf.edu_media_services_institutional-research_documents_CommonDataSet.pdf","data_tables/name_tables/st._john_fisher_college.csv"
"San José State University","cds_all/www.sjsu.edu_irsa_docs_cds_20230706_CDS_2022-2023.pdf","data_tables/name_tables/san_josé_state_university.csv"
"Skidmore College","cds_all/www.skidmore.edu_ir_facts_common_CDS_2022-2023.pdf","data_tables/name_tables/skidmore_college.csv"
"Smith College","cds_all/www.smith.edu_sites_default_files_media_Office%20Images_Institutional-Research_Smith%20CDS%202022-2023--Published20March2023.pdf","data_tables/name_tables/smith_college.csv"
"University of South Alabama","cds_all/www.southalabama.edu_departments_institutionalresearch_resources_usa_cds_2022-2023.pdf","data_tables/name_tables/university_of_south_alabama.csv"
"Spelman College","cds_all/www.spelman.edu_docs_oirap_cds_2021-2022.pdf?sfvrsn=aae7151_2","data_tables/name_tables/spelman_college.csv"
"Slippery Rock University","cds_all/www.sru.edu_documents_offices_analytics-decision-support_CDS_2021-2022.pdf","data_tables/name_tables/slippery_rock_university.csv"
"Saint Vincent College","cds_all/www.stvincent.edu_meet-saint-vincent_CDS_2022-2023.pdf","data_tables/name_tables/saint_vincent_college.csv"
"FAILED","cds_all/www.susqu.edu_live_files_683-common-data-set-2021-22-for-publicationpdf","DNE"
"Trinity College","cds_all/www.trincoll.edu_asic_wp-content_uploads_sites_125_2022_09_CDS_2021-2022_Trinity_College.pdf","data_tables/name_tables/trinity_college.csv"
"Troy University","cds_all/www.troy.edu__assets_irpe__documents_cds-2022-2023.pdf","data_tables/name_tables/troy_university.csv"
"The University of Alabama at Birmingham","cds_all/www.uab.edu_institutionaleffectiveness_images_documents_cds_cds_2022-23.pdf","data_tables/name_tables/the_university_of_alabama_at_birmingham.csv"
"University of Cincinnati","cds_all/www.uc.edu_content_dam_refresh_provost-62_offices_ir_CDS_2022-2023.pdf","data_tables/name_tables/university_of_cincinnati.csv"
"University of Colorado Denver | Anschutz Medical","cds_all/www.ucdenver.edu_docs_librariesprovider192_default-document-library_cds2022-2023.pdf","data_tables/name_tables/university_of_colorado_denver_|_anschutz_medical.csv"
"University of Detroit Mercy","cds_all/www.udmercy.edu_academics_academic-affairs_research_files_cds_2223_UDM_CDS.pdf","data_tables/name_tables/university_of_detroit_mercy.csv"
"University of Massachusetts Boston","cds_all/www.umb.edu_media_umassboston_content-assets_documents_CDS_2022-2023_UMass_Boston.pdf","data_tables/name_tables/university_of_massachusetts_boston.csv"
"University of Missouri - Kansas City","cds_all/www.umkc.edu_data_docs_cds_2022_2023.pdf","data_tables/name_tables/university_of_missouri_-_kansas_city.csv"
"FAILED","cds_all/www.umt.edu_institutional-research_documents_cds_2022-23-with-data.pdf","DNE"
"FAILED","cds_all/www.unco.edu_institutional-reporting-analysis-services_pdf_common-data-sets_CDS_2022-2023.pdf","DNE"
"FAILED","cds_all/www.uncsa.edu_about_office-of-the-provost_institutional-research_docs_CDS_2022-2023.pdf","DNE"
"University of New Hampshire","cds_all/www.unh.edu_institutional-research_sites_default_files_media_2023-04_cds_2022-2023.pdf","data_tables/name_tables/university_of_new_hampshire.csv"
"University of Portland","cds_all/www.up.edu_ir_files_cds_2022-2023.pdf","data_tables/name_tables/university_of_portland.csv"
"FAILED","cds_all/www.usafa.edu_app_uploads_Common-Data-Elements_-CDS_2022-2023-Updated-Final.pdf","DNE"
"University of South Florida","cds_all/www.usf.edu_ods_documents_cds_cds-2022-2023-usf-preliminaryforwebsite-2022-12-14.pdf","data_tables/name_tables/university_of_south_florida.csv"
"The University of Tennessee at Chattanooga","cds_all/www.utc.edu_document_76696","data_tables/name_tables/the_university_of_tennessee_at_chattanooga.csv"
"The University of Texas at Tyler","cds_all/www.uttyler.edu_information-analysis_common-data-sets_cds-2022-2023.pdf","data_tables/name_tables/the_university_of_texas_at_tyler.csv"
"University of Vermont","cds_all/www.uvm.edu_sites_default_files_UVM-Office-of-Institutional-Research-and-Assessment_CDS2223.pdf","data_tables/name_tables/university_of_vermont.csv"
"Washington & Jefferson College","cds_all/www.washjeff.edu_files_common-data-set_","data_tables/name_tables/washington_&_jefferson_college.csv"
"Wellesley College","cds_all/www.wellesley.edu_sites_default_files_assets_departments_instresearch_files_cds_2022-2023-final.pdf","data_tables/name_tables/wellesley_college.csv"
"Wesleyan University","cds_all/www.wesleyan.edu_ir_data-sets_CDS_2022-2023.pdf","data_tables/name_tables/wesleyan_university.csv"
"Williams College","cds_all/www.williams.edu_institutional-research_files_2023_04_CDS_2022_2023_Williams_March2023.pdf","data_tables/name_tables/williams_college.csv"
"Winthrop University","cds_all/www.winthrop.edu_uploadedFiles_institutional-effectiveness_finalcds202223forpublish.pdf","data_tables/name_tables/winthrop_university.csv"
"Worcester Polytechnic Institute","cds_all/www.wpi.edu_sites_default_files_2023-02_WPI_CDS_2022-2023_2-27-23.pdf","data_tables/name_tables/worcester_polytechnic_institute.csv"
"FAILED","cds_all/www.wtamu.edu__files_docs_academics_Institutional%20Research_CDS.pdf","DNE"
"Xavier University","cds_all/www.xavier.edu_institutional-research_reports-and-documents_cds_2021-2022_final.pdf","data_tables/name_tables/xavier_university.csv"
"University of Notre Dame","cds_all/www3.nd.edu_~instres_CDS_2022-2023_CDS_2022-2023.pdf","data_tables/name_tables/university_of_notre_dame.csv"
